<?xml version="1.0" encoding="UTF-8"?>
<Module name="audio_lookback" Register="34" Lut="37" T_Register="700(34)" T_Alu="105(0)" T_Lut="1161(37)" T_Bsram="54(0)" T_Ssram="14(0)">
    <SubModule name="Gowin_PLL"/>
    <SubModule name="WM8960_Init" Register="17" Alu="15" Lut="10" T_Register="249(17)" T_Alu="15(15)" T_Lut="456(10)" T_Bsram="1(0)" T_Ssram="2(0)">
        <SubModule name="I2C_Init_Dev" Register="21" Lut="41" T_Register="232(21)" T_Lut="446(41)" T_Bsram="1(0)" T_Ssram="2(0)">
            <SubModule name="key_filter0" Register="32" Lut="54" T_Register="32(32)" T_Lut="54(54)"/>
            <SubModule name="key_filter1" Register="32" Lut="55" T_Register="32(32)" T_Lut="55(55)"/>
            <SubModule name="wm8960_init_table" Register="6" Lut="27" Bsram="1" T_Register="6(6)" T_Lut="27(27)" T_Bsram="1(1)"/>
            <SubModule name="uart_cmd" Register="36" Lut="13" Ssram="2" T_Register="36(36)" T_Lut="13(13)" T_Ssram="2(2)"/>
            <SubModule name="uart_byte_rx" Register="57" Lut="96" T_Register="57(57)" T_Lut="96(96)"/>
            <SubModule name="i2c_control" Register="25" Lut="68" T_Register="48(25)" T_Lut="160(68)">
                <SubModule name="i2c_bit_shift" Register="23" Lut="92" T_Register="23(23)" T_Lut="92(92)"/>
            </SubModule>
        </SubModule>
    </SubModule>
    <SubModule name="hc595_driver" Register="24" Lut="31" T_Register="24(24)" T_Lut="31(31)"/>
    <SubModule name="hex8" Lut="7" T_Lut="7(7)"/>
    <SubModule name="i2s_rx" Register="81" Lut="69" T_Register="152(81)" T_Alu="16(0)" T_Lut="130(69)" T_Bsram="1(0)" T_Ssram="6(0)">
        <SubModule name="adc_fifo" Register="32" T_Register="71(32)" T_Alu="16(0)" T_Lut="61(0)" T_Bsram="1(0)" T_Ssram="6(0)">
            <SubModule name="async_fifo_ctrl_inst" Register="39" Alu="16" Lut="61" Ssram="6" T_Register="39(39)" T_Alu="16(16)" T_Lut="61(61)" T_Ssram="6(6)"/>
            <SubModule name="dpram_inst" Bsram="1" T_Bsram="1(1)"/>
        </SubModule>
    </SubModule>
    <SubModule name="audio_echo_inst" Register="118" Alu="58" Lut="1" T_Register="122(118)" T_Alu="58(58)" T_Lut="389(1)" T_Bsram="51(0)">
        <SubModule name="delay_ram" Register="4" Lut="388" Bsram="51" T_Register="4(4)" T_Lut="388(388)" T_Bsram="51(51)"/>
    </SubModule>
    <SubModule name="i2s_tx" Register="46" Lut="48" T_Register="119(46)" T_Alu="16(0)" T_Lut="111(48)" T_Bsram="1(0)" T_Ssram="6(0)">
        <SubModule name="dac_fifo" Register="32" T_Register="73(32)" T_Alu="16(0)" T_Lut="63(0)" T_Bsram="1(0)" T_Ssram="6(0)">
            <SubModule name="async_fifo_ctrl_inst" Register="41" Alu="16" Lut="63" Ssram="6" T_Register="41(41)" T_Alu="16(16)" T_Lut="63(63)" T_Ssram="6(6)"/>
            <SubModule name="dpram_inst" Bsram="1" T_Bsram="1(1)"/>
        </SubModule>
    </SubModule>
</Module>
