{
 "Device" : "GW5A-25A",
 "Files" : [
  {
   "Path" : "D:/Gowin/ACG525Project/ch62_audio_loopback/work/src/WM8960_Init/I2C_Init_Dev.v",
   "Type" : "verilog"
  },
  {
   "Path" : "D:/Gowin/ACG525Project/ch62_audio_loopback/work/src/WM8960_Init/WM8960_Init.v",
   "Type" : "verilog"
  },
  {
   "Path" : "D:/Gowin/ACG525Project/ch62_audio_loopback/work/src/WM8960_Init/i2c_bit_shift.v",
   "Type" : "verilog"
  },
  {
   "Path" : "D:/Gowin/ACG525Project/ch62_audio_loopback/work/src/WM8960_Init/i2c_control.v",
   "Type" : "verilog"
  },
  {
   "Path" : "D:/Gowin/ACG525Project/ch62_audio_loopback/work/src/WM8960_Init/wm8960_init_table.v",
   "Type" : "verilog"
  },
  {
   "Path" : "D:/Gowin/ACG525Project/ch62_audio_loopback/work/src/audio_processing.v",
   "Type" : "verilog"
  },
  {
   "Path" : "D:/Gowin/ACG525Project/ch62_audio_loopback/work/src/fifo/async_fifo.v",
   "Type" : "verilog"
  },
  {
   "Path" : "D:/Gowin/ACG525Project/ch62_audio_loopback/work/src/fifo/async_fifo_ctrl.v",
   "Type" : "verilog"
  },
  {
   "Path" : "D:/Gowin/ACG525Project/ch62_audio_loopback/work/src/fifo/dpram.v",
   "Type" : "verilog"
  },
  {
   "Path" : "D:/Gowin/ACG525Project/ch62_audio_loopback/work/src/gowin_dpb/gowin_dpb.v",
   "Type" : "verilog"
  },
  {
   "Path" : "D:/Gowin/ACG525Project/ch62_audio_loopback/work/src/gowin_pll/gowin_pll.v",
   "Type" : "verilog"
  },
  {
   "Path" : "D:/Gowin/ACG525Project/ch62_audio_loopback/work/src/hc595_driver.v",
   "Type" : "verilog"
  },
  {
   "Path" : "D:/Gowin/ACG525Project/ch62_audio_loopback/work/src/hex8.v",
   "Type" : "verilog"
  },
  {
   "Path" : "D:/Gowin/ACG525Project/ch62_audio_loopback/work/src/i2s/i2s_rx.v",
   "Type" : "verilog"
  },
  {
   "Path" : "D:/Gowin/ACG525Project/ch62_audio_loopback/work/src/i2s/i2s_tx.v",
   "Type" : "verilog"
  },
  {
   "Path" : "D:/Gowin/ACG525Project/ch62_audio_loopback/work/src/key_filter.v",
   "Type" : "verilog"
  },
  {
   "Path" : "D:/Gowin/ACG525Project/ch62_audio_loopback/work/src/top/audio_lookback.v",
   "Type" : "verilog"
  },
  {
   "Path" : "D:/Gowin/ACG525Project/ch62_audio_loopback/work/src/uart_byte_rx.v",
   "Type" : "verilog"
  },
  {
   "Path" : "D:/Gowin/ACG525Project/ch62_audio_loopback/work/src/uart_cmd.v",
   "Type" : "verilog"
  }
 ],
 "IncludePath" : [

 ],
 "LoopLimit" : 2000,
 "ResultFile" : "D:/Gowin/ACG525Project/ch62_audio_loopback/work/impl/temp/rtl_parser.result",
 "Top" : "audio_lookback",
 "VerilogStd" : "verilog_2001",
 "VhdlStd" : "vhdl_93"
}